City_ID,City,Lat,Lng,Max Temp,Humidity,Cloudiness,Wind Speed,Country
0,port alfred,-33.5906,26.891,77.18,47,67,1.99,ZA
1,adamstown,-25.066,-130.1015,68.38,69,81,23.76,PN
2,puerto aysen,-45.4,-72.7,35.8,98,100,2.26,CL
3,bengkulu,-3.8004,102.2655,79.32,84,52,7.87,ID
4,touros,-5.1989,-35.4608,81.7,67,24,15.17,BR
5,kijang,35.2442,129.2139,80.33,84,10,4.68,KR
6,edinburgh of the seven seas,-37.0676,-12.3116,49.46,58,100,18.28,SH
7,cody,44.5263,-109.0565,64.62,38,0,3.44,US
8,fort mcmurray,56.7268,-111.381,53.19,82,75,8.05,CA
9,tiksi,71.6872,128.8694,40.44,84,55,1.5,RU
10,grytviken,-54.2811,-36.5092,28.51,85,85,9.8,GS
11,port-aux-francais,-49.35,70.2167,37.71,84,86,37.69,TF
12,ushuaia,-54.8,-68.3,29.86,74,40,8.05,AR
13,tvoroyri,61.5556,-6.8111,49.53,77,92,7.63,FO
14,invercargill,-46.4,168.35,43.54,84,100,22.55,NZ
15,alavus,62.5833,23.6167,76.33,45,63,2.04,FI
16,saipan,15.1355,145.701,81.3,100,75,12.66,MP
17,minas de marcona,-15.2119,-75.1103,52.65,89,70,9.22,PE
18,codrington,-38.2667,141.9667,46.81,85,100,9.13,AU
19,yellowknife,62.456,-114.3525,63.12,59,75,16.11,CA
20,aleksandrov gay,50.147,48.5704,86.85,33,11,4.25,RU
21,lerwick,60.1545,-1.1494,53.6,74,93,14.43,GB
22,sitka,57.0531,-135.33,57.09,94,100,5.75,US
23,hithadhoo,-0.6,73.0833,83.3,78,96,15.95,MV
24,paracuru,-3.41,-39.0306,83.1,52,21,16.33,BR
25,hermanus,-34.4187,19.2345,55.8,67,100,2.51,ZA
26,agustin codazzi,10.0341,-73.2361,76.89,82,100,2.19,CO
27,ribeira grande,38.5167,-28.7,73.8,73,40,8.05,PT
28,port lincoln,-34.7333,135.8667,54.25,74,0,11.3,AU
29,weno,7.4515,151.8468,82.35,89,100,0.0,FM
30,saalfelden am steinernen meer,47.4268,12.848,62.35,92,97,4.88,AT
31,saldanha,-33.0117,17.9442,58.66,77,83,17.81,ZA
32,saint-pierre,-21.3393,55.4781,74.88,78,75,11.5,RE
33,olonkinbyen,70.9221,-8.7187,41.14,94,100,10.65,SJ
34,kapuskasing,49.4169,-82.4331,59.09,72,100,6.91,CA
35,idrinskoye,54.3708,92.1358,69.51,73,89,4.76,RU
36,ilulissat,69.2167,-51.1,44.62,81,20,5.75,GL
37,puerto ayora,-0.7393,-90.3518,75.54,94,20,8.01,EC
38,puerto natales,-51.7236,-72.4875,25.47,95,66,3.44,CL
39,udachny,66.4167,112.4,65.07,60,100,4.32,RU
40,iqaluit,63.7506,-68.5145,47.93,81,75,3.44,CA
41,kuta,-8.7233,115.1723,77.0,83,20,7.0,ID
42,tralee,52.2704,-9.7026,62.85,88,100,13.8,IE
43,blackmans bay,-43.0167,147.3167,51.93,84,100,5.17,AU
44,bongouanou,6.6486,-4.1992,84.25,64,86,3.78,CI
45,tokar,18.4254,37.729,112.98,16,59,18.25,SD
46,jabalpur,23.167,79.9501,95.85,49,40,8.05,IN
47,mugia,43.1041,-9.2179,82.9,82,25,13.71,ES
48,argo,37.6333,22.7333,110.43,13,4,10.09,GR
49,lorengau,-2.0226,147.2712,83.01,76,79,16.28,PG
50,jamestown,42.097,-79.2353,71.55,94,20,6.91,US
51,petropavlovsk-kamchatsky,53.0452,158.6483,57.79,94,0,2.24,RU
52,tamanrasset,22.785,5.5228,96.71,9,0,8.05,DZ
53,labrador city,52.9463,-66.9114,62.51,82,75,3.44,CA
54,waitangi,-43.9535,-176.5597,51.03,65,100,24.0,NZ
55,padang,-0.9492,100.3543,82.45,86,100,3.69,ID
56,richards bay,-28.783,32.0377,75.22,53,100,15.97,ZA
57,punta arenas,-53.15,-70.9167,30.06,82,22,9.28,CL
58,papatowai,-46.5619,169.4708,40.21,88,100,19.08,NZ
59,east london,-33.0153,27.9116,68.94,56,0,3.44,ZA
60,puerto baquerizo moreno,-0.9,-89.6,75.74,83,91,13.44,EC
61,karratha,-20.7377,116.8463,70.02,65,90,5.91,AU
62,torres,-29.3353,-49.7269,74.82,91,96,7.05,BR
63,westport,41.1415,-73.3579,73.29,90,0,3.44,US
64,ouesso,1.6136,16.0517,97.77,32,81,2.24,CG
65,longyearbyen,78.2186,15.6401,53.44,58,0,4.61,SJ
66,vinton,37.281,-79.897,72.25,93,0,0.0,US
67,nouadhibou,20.931,-17.0347,84.18,54,23,11.5,MR
68,tura,25.5198,90.2201,80.92,85,99,3.62,IN
69,ciudad lazaro cardenas,17.9583,-102.2,77.5,76,83,5.79,MX
70,klaksvik,62.2266,-6.589,52.72,77,65,7.87,FO
71,mbandaka,0.0487,18.2603,86.41,53,58,2.77,CD
72,st. john's,47.5649,-52.7093,76.39,60,40,14.97,CA
73,mil'kovo,55.6078,37.7956,77.14,60,93,15.7,RU
74,arraial do cabo,-22.9661,-42.0278,71.56,83,100,23.02,BR
75,bethel,41.3712,-73.414,69.91,91,100,1.99,US
76,kingston,17.997,-76.7936,81.55,78,20,8.05,JM
77,hawaiian paradise park,19.5933,-154.9731,73.9,97,100,5.75,US
78,labytnangi,66.6572,66.4183,65.12,86,100,1.39,RU
79,aioun,16.6614,-9.6149,92.89,43,93,10.11,MR
80,bredasdorp,-34.5322,20.0403,55.42,72,100,5.46,ZA
81,umm kaddadah,13.6017,26.6876,96.73,30,100,17.74,SD
82,margaret river,-33.95,115.0667,53.13,84,100,24.87,AU
83,ancud,-41.8697,-73.8203,45.81,77,100,1.07,CL
84,bumba,2.1833,22.4667,81.12,64,100,3.74,CD
85,sarmiento,-45.5882,-69.07,33.89,47,43,2.55,AR
86,severo-yeniseyskiy,60.3725,93.0408,67.33,74,95,3.49,RU
87,stanley,54.868,-1.6985,67.78,66,20,11.5,GB
88,lebu,-37.6167,-73.65,44.64,85,40,3.0,CL
89,mount gambier,-37.8333,140.7667,45.99,91,100,6.15,AU
90,pacocha,-17.5833,-71.3333,62.74,82,100,6.91,PE
91,fort st. john,56.2499,-120.8529,53.49,87,75,11.5,CA
92,brookings,44.3114,-96.7984,72.18,96,20,10.36,US
93,luderitz,-26.6481,15.1594,61.86,52,34,8.08,NA
94,harstad,68.799,16.5293,67.39,85,45,4.0,NO
95,bafoulabe,13.8065,-10.8321,89.56,56,40,6.2,ML
96,marinette,45.1,-87.6307,72.05,88,0,4.61,US
97,constantia,44.1833,28.65,97.7,52,18,26.26,RO
98,chhutmalpur,30.0314,77.7525,81.72,80,100,4.72,IN
99,hammerfest,70.6634,23.6821,63.05,63,40,12.66,NO
100,vila franca do campo,37.7167,-25.4333,72.01,63,2,2.98,PT
101,nar'yan-mar,67.6713,53.087,73.69,54,80,3.22,RU
102,usinsk,65.9939,57.5281,67.17,70,100,12.88,RU
103,georgetown,5.4112,100.3354,85.98,77,20,3.44,MY
104,narra,9.3167,118.4,80.11,86,100,6.08,PH
105,punta de bombon,-17.1717,-71.7931,62.38,83,87,2.44,PE
106,berdigestyakh,62.0989,126.6992,61.99,55,71,4.97,RU
107,katsuren-haebaru,26.3369,127.8719,84.58,83,75,6.91,JP
108,ust-nera,64.5667,143.2,58.53,76,99,6.51,RU
109,kumeny,58.1089,49.9161,74.79,47,45,6.13,RU
110,porbandar,21.6422,69.6093,83.62,82,71,18.05,IN
111,lihue,21.9789,-159.3672,78.39,87,100,16.11,US
112,gadzhiyevo,69.2551,33.3362,52.18,87,100,7.87,RU
113,shimoda,34.6667,138.95,79.11,85,46,4.43,JP
114,kalix,65.853,23.1565,60.84,84,100,1.7,SE
115,theniet el had,35.8711,2.0281,86.7,12,1,6.8,DZ
116,puerto colombia,10.9878,-74.9547,78.89,85,99,5.82,CO
117,greenville,35.6127,-77.3663,78.82,97,0,8.05,US
118,geraldton,-28.7667,114.6,55.81,71,100,10.36,AU
119,micheweni,-4.9667,39.8333,80.56,66,25,16.26,TZ
120,vorkuta,67.5,64.0,61.09,85,100,9.4,RU
121,la sarre,48.8002,-79.1996,61.7,71,6,8.34,CA
122,utrik,11.2278,169.8474,82.94,81,97,19.01,MH
123,murzuq,25.9155,13.9184,107.6,5,0,18.07,LY
124,smithers,54.7804,-127.1743,55.72,82,100,2.3,CA
125,zhangjiakou shi xuanhua qu,40.6103,115.0447,79.75,65,92,3.69,CN
126,san pedro pochutla,15.7333,-96.4667,75.7,86,55,4.81,MX
127,bilibino,68.0546,166.4372,47.46,91,100,2.73,RU
128,afaahiti,-17.75,-149.2833,73.27,90,44,10.56,PF
129,beira,-19.8436,34.8389,75.29,94,75,12.66,MZ
130,dudinka,69.4058,86.1778,76.62,47,2,8.66,RU
131,guerrero negro,27.9769,-114.0611,66.27,89,38,4.59,MX
132,remire-montjoly,4.9167,-52.2667,82.44,78,0,3.44,GF
133,baiti,13.745,-14.7482,89.47,59,81,7.07,SN
134,aasiaat,68.7098,-52.8699,35.53,93,86,8.79,GL
135,mitu,1.1983,-70.1733,71.98,93,44,1.03,CO
136,lompoc,34.6391,-120.4579,68.77,100,100,0.0,US
137,vershino-darasunskiy,52.35,115.5167,58.14,95,98,5.21,RU
138,talnakh,69.4865,88.3972,76.21,42,15,1.66,RU
139,rindge,42.7512,-72.0098,70.68,88,0,4.61,US
140,kokuy,52.2037,117.5529,73.42,53,83,2.53,RU
141,caleta de carquin,-11.0925,-77.6267,66.09,84,74,7.92,PE
142,keflavik,64.0049,-22.5624,60.71,72,75,10.36,IS
143,egilsstadir,65.2653,-14.3948,48.11,76,75,10.36,IS
144,rodolfo sanchez taboada,31.7167,-116.5667,67.1,84,58,1.01,MX
145,thompson,55.7435,-97.8558,50.16,87,100,6.91,CA
146,dock junction,31.2025,-81.5168,82.4,93,0,0.0,US
147,kapa'a,22.0752,-159.319,79.12,90,100,16.11,US
148,koubia,11.5833,-11.9,80.73,73,28,2.73,GN
149,iskateley,67.6803,53.1512,73.29,55,86,3.04,RU
150,pisco,-13.7,-76.2167,64.45,77,100,6.91,PE
151,kidal,18.4411,1.4078,103.57,21,56,8.3,ML
152,albany,42.6001,-73.9662,68.54,94,2,1.01,US
153,kalabo,-14.97,22.6814,87.08,17,97,5.23,ZM
154,vilyuchinsk,52.9306,158.4028,59.27,86,54,1.32,RU
155,yelizovo,53.1873,158.3805,59.14,93,0,2.24,RU
156,sungai penuh,-2.0833,101.3833,67.57,97,65,1.92,ID
157,malakwal city,32.5549,73.2122,94.62,51,56,3.06,PK
158,natal,-5.795,-35.2094,81.25,74,40,14.97,BR
159,badger,64.8,-147.5333,66.7,87,20,6.91,US
160,port macquarie,-31.4333,152.9167,50.9,82,1,4.09,AU
161,funadhoo,6.15,73.2667,83.35,71,100,5.23,MV
162,port elizabeth,-33.918,25.5701,66.49,55,0,10.36,ZA
163,ta`u,-14.2336,-169.5144,77.94,72,91,11.88,AS
164,maintirano,-18.0667,44.0167,79.23,53,13,16.51,MG
165,anadyr,64.75,177.4833,50.5,87,100,8.95,RU
166,claveria,18.6074,121.0832,80.46,94,100,40.94,PH
167,longgang,37.6508,120.3286,78.28,78,100,14.45,CN
168,mbanza kongo,-6.267,14.2401,88.63,34,11,4.23,AO
169,valsad,20.6333,72.9333,83.48,84,78,11.81,IN
170,chonchi,-42.6128,-73.8092,42.12,94,100,0.69,CL
171,lionel town,17.8101,-77.2406,82.29,79,100,5.44,JM
172,tazovsky,67.4667,78.7,72.12,51,100,10.09,RU
173,mount isa,-20.7333,139.5,71.37,56,100,6.91,AU
174,al ghayzah,16.2079,52.176,84.06,71,52,14.74,YE
175,sao felix do xingu,-6.6447,-51.995,80.69,41,5,2.3,BR
176,zwedru,6.0667,-8.1281,77.31,87,100,4.0,LR
177,fisterra,42.9049,-9.2629,82.74,87,13,18.95,ES
178,kaa-khem,51.6833,94.7333,75.27,41,67,7.56,RU
179,port de pollenca,39.9075,3.0814,87.28,57,45,11.41,ES
180,nyaungdon,17.0333,95.65,83.55,76,44,9.28,MM
181,enewetak,11.3474,162.3373,82.96,78,88,15.17,MH
182,shubarshi,48.5872,57.1869,87.26,30,69,13.29,KZ
183,laguna,38.421,-121.4238,71.64,71,0,4.61,US
184,wailua homesteads,22.0669,-159.378,77.79,90,100,16.11,US
185,atafu village,-8.5421,-172.5159,83.08,76,85,18.68,TK
186,oeiras do para,-2.0031,-49.8544,84.49,65,16,4.09,BR
187,sorong,-0.8833,131.25,78.69,85,100,11.21,ID
188,saint croix,17.7397,-64.7388,82.85,84,75,16.11,VI
189,dolisie,-4.1997,12.6739,88.32,40,14,5.84,CG
190,gobabis,-22.45,18.9667,79.32,12,0,15.77,NA
191,tazacorte,28.629,-17.9293,78.15,74,75,12.66,ES
192,ankang,32.68,109.0172,78.91,84,58,4.63,CN
193,nemuro,43.3236,145.575,64.89,94,90,4.45,JP
194,tadine,-21.55,167.8833,68.36,55,58,16.26,NC
195,benjamin constant,-4.3831,-70.0311,73.53,79,5,0.09,BR
196,tolanaro,-25.0319,46.9987,69.01,58,74,8.52,MG
197,revda,56.801,59.9303,69.48,77,58,6.44,RU
198,sisimiut,66.9395,-53.6735,48.16,71,4,6.71,GL
199,howrah,22.5892,88.3103,82.4,94,75,5.75,IN
200,west island,-12.1568,96.8225,75.18,88,75,20.71,CC
201,altamira,-3.2033,-52.2064,78.89,89,75,8.05,BR
202,hamilton,39.1834,-84.5333,76.42,89,0,9.22,US
203,vicuna mackenna,-33.9197,-64.3922,38.89,85,9,8.59,AR
204,qamdo,31.1667,97.2333,51.19,70,85,7.67,CN
205,retreat,38.8245,-85.8533,76.12,93,87,6.71,US
206,tutoia,-2.7619,-42.2744,81.57,63,28,10.33,BR
207,merizo village,13.2658,144.6691,82.98,91,100,20.4,GU
208,avarua,-21.2078,-159.775,62.65,100,3,3.44,CK
209,mingguang,32.7802,117.9638,80.31,90,15,7.25,CN
210,jiazi,22.8779,116.067,85.82,74,82,2.84,CN
211,birobidzhan,48.8,132.95,72.12,81,22,7.38,RU
212,armacao de buzios,-22.7469,-41.8817,73.45,86,67,22.57,BR
213,arkhangel'sk,64.5401,40.5433,72.75,44,79,7.25,RU
214,flying fish cove,-10.4217,105.6791,76.68,88,100,6.91,CX
215,chico,39.7285,-121.8375,70.86,55,0,4.61,US
216,uturoa,-16.7333,-151.4333,77.99,86,25,7.45,PF
217,nagqu,31.5,92.0,53.33,63,99,11.9,CN
218,balkanabat,39.5108,54.3671,90.66,48,87,11.34,TM
219,whitehorse,60.7161,-135.0538,52.57,93,75,2.3,CA
220,pakokku,21.3333,95.1,93.07,49,88,15.08,MM
221,guane,22.2025,-84.0875,78.12,89,44,6.11,CU
222,college,64.8569,-147.8028,66.79,86,75,6.91,US
223,banda aceh,5.5577,95.3222,82.6,77,100,13.78,ID
224,nova sintra,14.8667,-24.7167,73.13,85,100,9.84,CV
225,kovdor,67.5662,30.4758,59.09,73,78,3.0,RU
226,saint-philippe,-21.3585,55.7679,74.79,79,16,10.13,RE
227,kourou,5.1552,-52.6478,82.45,82,34,4.14,GF
228,praia da vitoria,38.7333,-27.0667,77.25,73,40,5.32,PT
229,canutama,-6.5339,-64.3831,76.05,57,4,2.1,BR
230,belmonte,-15.8631,-38.8828,74.66,79,85,7.72,BR
231,jingzhou,30.3503,112.1903,82.38,80,100,3.29,CN
232,batticaloa,7.7102,81.6924,86.79,65,100,5.08,LK
233,wewak,-3.5534,143.6268,80.53,88,92,14.41,PG
234,peniche,39.3558,-9.3811,84.29,77,2,14.05,PT
235,gebeit,21.0667,36.3167,108.61,8,92,12.08,SD
236,shar,49.5886,81.0453,90.28,18,55,12.73,KZ
237,santa maria,-29.6842,-53.8069,63.7,94,75,11.5,BR
238,jieshi,22.8134,115.8257,86.36,74,77,3.96,CN
239,starobesheve,47.7504,38.0305,88.3,34,8,12.8,UA
240,cabo san lucas,22.8909,-109.9124,84.51,76,100,1.99,MX
241,gizo,-8.103,156.8419,80.02,86,98,17.81,SB
242,pontianak,-0.0333,109.3333,80.58,78,20,4.61,ID
243,sao jose da coroa grande,-8.8978,-35.1478,79.05,66,11,9.73,BR
244,buka,40.8108,69.1986,111.97,6,13,11.81,UZ
245,hau-ri,41.2006,129.4703,73.67,95,100,3.74,KP
246,holualoa,19.6228,-155.9522,75.04,86,20,6.91,US
247,crane,31.3974,-102.3501,76.87,48,31,12.48,US
248,coquimbo,-29.9533,-71.3436,53.33,100,100,8.05,CL
249,port mathurin,-19.6833,63.4167,74.8,78,38,11.34,MU
250,pionerskiy,54.9508,20.2275,67.84,62,86,14.47,RU
251,bam,29.106,58.357,104.58,7,81,13.18,IR
252,kharp,66.8014,65.8081,63.05,85,100,2.55,RU
253,benjamin aceval,-24.9667,-57.5667,62.74,66,99,5.7,PY
254,tshabong,-26.05,22.45,80.91,19,22,22.79,BW
255,gotsucho,35.0,132.2167,78.69,85,27,4.14,JP
256,shenkursk,62.1091,42.896,64.04,68,93,5.91,RU
257,port hueneme,34.1478,-119.1951,74.17,88,0,0.0,US
258,esquel,-42.9,-71.3167,33.19,92,92,5.01,AR
259,bridgewater,44.3835,-64.5155,72.1,77,70,4.61,CA
260,agadez,19.75,10.25,106.5,7,0,23.49,NE
261,kodiak,57.79,-152.4072,53.11,94,20,5.75,US
262,oranjemund,-28.55,16.4333,60.62,58,61,10.07,NA
263,belonia,23.2528,91.4514,82.47,84,100,10.0,IN
264,bismarck,46.8083,-100.7837,66.61,78,0,8.05,US
265,cavelossim,15.1726,73.9419,77.45,89,100,20.0,IN
266,jalai nur,49.45,117.7,73.87,58,37,9.22,CN
267,sinjai,-5.1241,120.253,74.57,88,54,4.68,ID
268,sabzevar,36.2126,57.6819,103.28,11,0,11.5,IR
269,chistopol',55.3631,50.6424,78.64,53,90,10.0,RU
270,phan rang-thap cham,11.5667,108.9833,82.58,77,96,6.38,VN
271,miguel auza,24.2933,-103.4503,60.64,75,100,8.43,MX
272,klyuchi,52.2667,79.1667,85.41,26,100,9.4,RU
273,khoyniki,51.8911,29.9552,73.74,57,92,9.19,BY
274,kone,-21.0595,164.8658,61.23,70,10,5.99,NC
275,heyuan,23.7333,114.6833,87.3,69,81,1.36,CN
276,queenstown,-31.8976,26.8753,71.44,33,40,21.77,ZA
277,hermoso campo,-27.6082,-61.3444,53.11,86,92,7.09,AR
278,mammoth lakes,37.6485,-118.9721,61.34,44,0,5.75,US
279,progreso,21.2833,-89.6667,80.71,94,95,5.73,MX
280,kapoeta,4.7717,33.5903,88.7,41,98,9.44,SS
281,bikenibeu village,1.3673,173.1241,82.36,83,75,3.44,KI
282,zhezqazghan,47.7833,67.7667,86.58,30,75,15.66,KZ
283,tawau,4.2498,117.8871,82.53,88,57,5.79,MY
284,ketchikan,55.3422,-131.6461,57.67,88,100,0.0,US
285,isafjordur,66.0755,-23.124,48.24,71,40,18.41,IS
286,new norfolk,-42.7826,147.0587,53.1,80,100,3.65,AU
287,america dourada,-11.4553,-41.4361,68.45,69,70,11.56,BR
288,brodnica,53.2597,19.3965,74.39,28,97,12.55,PL
289,aral,40.5156,81.2636,95.61,19,41,3.6,CN
290,tangalle,6.024,80.7911,82.67,73,95,13.42,LK
291,tromso,69.6496,18.957,66.22,59,40,4.61,NO
292,bhuj,23.2667,69.6667,89.29,64,87,16.75,IN
293,rakops,-21.0167,24.3333,80.64,23,0,9.33,BW
294,sosnovka,56.255,51.2842,76.33,63,61,5.64,RU
295,el granada,37.5027,-122.4694,61.34,91,100,6.91,US
296,priozersk,61.0393,30.1291,68.09,69,44,7.74,RU
297,paragominas,-2.9667,-47.4833,81.45,65,16,5.41,BR
298,flin flon,54.7682,-101.865,57.04,94,75,10.36,CA
299,fale old settlement,-9.3852,-171.2468,82.44,77,79,20.2,TK
300,hilo,19.7297,-155.09,74.12,97,100,4.61,US
301,sao vicente,-23.9631,-46.3919,79.27,78,0,1.14,BR
302,qaqortoq,60.7167,-46.0333,41.95,91,58,6.02,GL
303,antsiranana,-12.2787,49.2917,81.39,53,82,19.77,MG
304,san julian,21.0167,-102.1667,55.53,95,97,2.86,MX
305,omdurman,15.6445,32.4777,90.48,42,95,19.35,SD
306,tenenkou,14.4572,-4.9169,96.51,37,20,7.94,ML
307,tramandai,-29.9847,-50.1336,63.34,94,94,4.7,BR
308,san patricio,28.017,-97.5169,84.85,89,1,5.12,US
309,monte santo,-10.4378,-39.3328,75.24,57,26,10.54,BR
310,jianguang,28.1938,115.7836,84.42,76,20,6.8,CN
311,funafuti,-8.5243,179.1942,82.4,94,75,11.5,TV
312,yung shue wan,22.2333,114.1167,92.62,82,97,1.5,HK
313,chisec,15.8167,-90.2833,70.03,74,40,2.91,GT
314,namtsy,62.7161,129.6658,62.62,55,93,7.07,RU
315,borogontsy,62.6683,131.1683,61.54,65,57,5.08,RU
316,carnarvon,-24.8667,113.6333,64.17,56,18,16.08,AU
317,akureyri,65.6835,-18.0878,49.93,81,75,11.5,IS
318,nuuk,64.1835,-51.7216,39.81,100,100,16.11,GL
319,al bawiti,28.3492,28.8659,102.49,12,0,10.47,EG
320,lodja,-3.4833,23.4333,101.05,17,23,3.06,CD
321,cill airne,52.05,-9.5167,62.65,88,100,13.8,IE
322,nassau,40.7507,-73.5829,73.67,85,0,4.61,US
323,adam,22.3756,57.5233,99.16,38,98,8.72,OM
324,tsiombe,-25.3,45.4833,70.5,41,33,15.3,MG
325,magnolia,33.2671,-93.2393,74.88,83,28,5.99,US
326,cordoba,-31.4135,-64.1811,50.41,88,0,6.91,AR
327,kokopo,-4.352,152.2633,77.18,85,99,14.29,PG
328,marsa alam,25.0757,34.8918,96.17,46,96,10.42,EG
329,pasni,25.2631,63.471,84.78,82,100,9.51,PK
330,kusa,55.3383,59.4406,69.58,63,64,2.86,RU
331,moju,-1.8839,-48.7689,83.21,67,33,3.09,BR
332,new plymouth,-39.0667,174.0833,44.82,72,12,2.73,NZ
333,shortandy,51.7006,70.9994,68.68,63,100,12.24,KZ
334,sault ste. marie,46.5168,-84.3333,66.76,94,40,4.61,CA
335,nashville,36.1659,-86.7844,77.31,86,0,5.75,US
336,bethanie,-26.4833,17.15,70.48,6,0,13.31,NA
337,mogadishu,2.0371,45.3438,78.89,75,45,20.18,SO
338,ola,59.5833,151.2833,61.14,97,100,5.44,RU
339,tucuma,-0.1833,-50.05,81.34,77,65,5.32,BR
340,fortuna,40.5982,-124.1573,58.93,92,100,0.0,US
341,bandarbeyla,9.4942,50.8122,84.07,57,9,33.04,SO
342,faro,37.0194,-7.9322,78.19,57,0,8.05,PT
343,kholmsk,47.0511,142.0569,64.9,95,46,5.7,RU
344,las tablas,7.7667,-80.2833,77.4,91,100,11.14,PA
345,at taj,24.2049,23.2857,101.59,7,5,9.53,LY
346,noosa heads,-26.3833,153.15,62.33,78,29,16.71,AU
347,wad az zaki,14.4619,32.2065,91.17,42,98,17.9,SD
348,la passe,45.5549,-0.8967,70.03,64,63,14.18,FR
349,azadshahr,34.7909,48.5707,91.89,13,40,4.61,IR
350,vorgashor,67.5833,63.95,62.24,82,100,8.7,RU
351,manistee,44.2445,-86.3242,75.25,88,0,5.75,US
352,mumford,5.2618,-0.759,78.03,85,53,12.55,GH
353,tofol,5.3248,163.0078,83.43,74,52,9.01,FM
354,torghay,49.6339,63.4981,85.46,38,28,20.49,KZ
355,magadan,59.5667,150.8,60.53,98,100,6.31,RU
356,binhe,32.6883,112.8275,84.25,71,63,7.0,CN
357,san benito abad,8.929,-75.0271,77.16,95,100,3.0,CO
358,bereeda,11.8704,51.0579,90.07,54,32,3.24,SO
359,barmer,25.75,71.3833,95.41,45,96,5.28,IN
360,ulsteinvik,62.3432,5.8487,65.91,85,92,8.99,NO
361,inga,-7.2808,-35.6044,77.45,73,67,9.08,BR
362,mamontovo,52.7055,81.6244,83.23,30,97,4.18,RU
363,hinatuan,8.3722,126.3342,79.36,87,98,6.11,PH
364,kani keli,-12.9536,45.1033,83.46,74,45,8.68,YT
365,tumpat,6.1978,102.171,76.98,88,40,1.14,MY
366,florestopolis,-22.8633,-51.3872,66.97,60,21,5.68,BR
367,piechowice,50.8496,15.5989,68.07,53,93,11.34,PL
368,okha,53.5739,142.9478,52.75,99,100,12.28,RU
369,dakhla,23.6848,-15.958,75.22,69,10,24.16,EH
370,dire dawa,9.5931,41.8661,87.51,39,25,8.21,ET
371,tavistock,50.5494,-4.1442,63.3,95,94,4.0,GB
372,kuzovatovo,53.5468,47.6866,85.03,32,39,12.71,RU
373,le port,-20.9373,55.2919,76.96,98,7,11.21,RE
374,oroqen zizhiqi,50.5667,123.7167,65.44,92,88,3.71,CN
375,rio grande,-32.035,-52.0986,62.71,98,100,12.24,BR
376,princeville,45.7668,-61.2985,75.61,82,20,5.75,CA
377,souillac,-20.5167,57.5167,75.58,78,75,5.75,MU
378,sovetskiy,61.3614,63.5842,71.2,50,95,5.12,RU
379,mejit,10.2753,170.8646,83.12,78,100,17.47,MH
380,itororo,-15.1169,-40.0703,72.27,79,88,1.54,BR
381,nikolayevsk-on-amure,53.1406,140.73,66.78,99,100,2.1,RU
382,acajutla,13.5928,-89.8275,79.14,70,36,6.42,SV
383,takedamachi,32.9667,131.4,80.78,95,49,2.51,JP
384,saurimo,-9.6608,20.3916,91.47,16,0,5.32,AO
385,motueka,-41.1333,173.0167,39.09,79,55,4.92,NZ
386,chibougamau,49.9168,-74.3659,64.02,72,0,7.0,CA
387,kirensk,57.7853,108.1119,67.37,87,97,5.01,RU
388,yuzhno-kurilsk,44.0306,145.8556,63.55,98,53,3.89,RU
389,am timan,11.0297,20.2827,82.18,67,90,6.33,TD
390,nadi,-17.8,177.4167,71.6,83,75,8.05,FJ
391,nantucket,41.2835,-70.0995,77.09,87,26,11.23,US
392,daru,-9.0763,143.2092,76.68,86,68,11.7,PG
393,mount pearl,47.5166,-52.7813,75.54,60,40,14.97,CA
394,zungeru,9.8128,6.1558,85.98,54,46,3.62,NG
395,san luis de la loma,17.2706,-100.8939,78.48,73,72,4.14,MX
396,markovo,57.3206,107.0881,71.4,78,86,1.54,RU
397,salekhard,66.53,66.6019,68.0,82,99,6.46,RU
398,san andres,12.5847,-81.7006,82.42,83,20,14.97,CO
399,pagar alam,-4.0167,103.2667,70.72,98,76,3.47,ID
400,balqash,46.8481,74.995,97.39,19,0,8.95,KZ
401,trapani,37.8333,12.6667,86.27,51,20,17.27,IT
402,montpon-menesterol,45.0,0.1667,71.65,69,84,7.96,FR
403,chimoio,-19.1164,33.4833,66.06,68,75,5.97,MZ
404,arkalyk,50.2486,66.9114,80.56,41,88,7.31,KZ
405,pierre,44.3683,-100.351,70.72,78,0,10.36,US
406,ixtapa,20.7,-105.2,80.22,100,40,0.0,MX
407,belgaum,15.8667,74.5,73.31,94,75,13.8,IN
408,acarau,-2.8856,-40.12,83.88,53,19,16.46,BR
409,tomohon,1.3346,124.8392,74.34,95,77,3.58,ID
410,nabire,-3.3667,135.4833,78.46,88,92,1.54,ID
411,mangalia,43.8,28.5833,89.24,46,14,21.47,RO
412,alaghsas,17.0187,8.0168,102.09,32,0,9.22,NE
413,berezovyy,51.6667,135.7,65.34,98,74,1.34,RU
414,mandali,33.7499,45.5541,113.31,7,0,15.9,IQ
415,mulayjah,27.271,48.4242,117.63,5,24,5.99,SA
416,susuman,62.7833,148.1667,55.51,80,89,6.29,RU
417,vangaindrano,-23.35,47.6,70.9,54,38,11.79,MG
418,sinabang,2.4803,96.3801,82.18,76,74,4.34,ID
419,pangoa,-12.1167,-73.0,68.95,77,45,2.24,PE
420,polyarnyy,69.1989,33.4478,51.49,90,100,6.96,RU
421,orsa,54.5153,30.4053,57.74,95,100,10.13,BY
422,broken hill,-31.95,141.4333,54.16,48,0,8.68,AU
423,papao,-17.75,-149.55,74.88,91,47,8.75,PF
424,yerofey pavlovich,53.9667,121.9667,66.67,81,70,0.83,RU
425,hassi messaoud,31.6804,6.0729,116.46,6,0,12.66,DZ
426,pyshma,56.9523,63.2513,73.26,56,64,4.45,RU
427,sao lourenco,-22.1164,-45.0544,65.89,59,1,0.45,BR
428,jabor,5.921,169.6434,81.27,77,96,1.88,MH
429,atar,20.5169,-13.0499,102.25,24,49,11.5,MR
430,pangody,65.85,74.4859,77.04,58,68,10.69,RU
431,khandyga,62.6667,135.6,58.15,90,92,3.02,RU
432,hanting,36.7708,119.2108,76.77,82,100,10.94,CN
433,valparaiso,-33.0393,-71.6273,47.84,93,67,3.44,CL
434,salinopolis,-0.6136,-47.3561,81.21,82,84,9.17,BR
435,bandar lampung,-5.4254,105.258,75.13,85,69,4.65,ID
436,la ronge,55.1001,-105.2842,62.85,67,100,5.75,CA
437,la'ie,21.6477,-157.9253,78.76,80,15,4.0,US
438,acapulco de juarez,16.8634,-99.8901,80.42,78,75,6.91,MX
439,gardez,33.5974,69.2259,79.7,37,25,4.18,AF
440,yei,4.095,30.6779,76.93,82,95,4.23,SS
441,vadso,70.0744,29.7487,54.48,87,100,8.05,NO
442,khovd,48.0056,91.6419,77.49,29,68,7.52,MN
443,belyy yar,53.6039,91.3903,73.29,56,0,4.47,RU
444,figuig (centre),32.1089,-1.2286,103.1,8,0,10.89,MA
445,maceio,-9.6658,-35.7353,78.24,78,75,6.91,BR
446,yemva,62.59,50.8594,68.81,54,66,4.5,RU
447,roma,43.2128,-75.4557,71.87,90,0,3.44,US
448,chiredzi,-21.05,31.6667,77.05,35,31,8.99,ZW
449,kalymnos,36.95,26.9833,94.53,52,0,10.36,GR
450,monrovia,6.3005,-10.7969,83.97,92,100,5.84,LR
451,meizhou,24.2977,116.1072,83.61,70,69,2.77,CN
452,loango,-4.6719,11.8312,75.97,70,68,8.39,CG
453,bonthe,7.5264,-12.505,80.13,82,100,9.62,SL
454,vallenar,-28.5708,-70.7581,56.01,65,33,1.88,CL
455,vila velha,-20.3297,-40.2925,75.15,89,40,5.75,BR
456,yingchuan,34.1628,113.4639,83.3,65,2,6.11,CN
457,san antonio de pale,-1.4014,5.6325,73.78,89,92,10.85,GQ
458,topeka,39.0483,-95.678,85.89,56,0,12.66,US
459,niafunke,15.9322,-3.9906,99.39,30,12,11.07,ML
460,north shore,-36.8,174.75,47.46,84,5,5.37,NZ
461,waingapu,-9.6567,120.2641,73.81,80,41,12.26,ID
462,alofi,-19.0595,-169.9187,64.29,94,38,1.14,NU
463,ghadamis,30.1337,9.5007,111.43,6,0,7.52,LY
464,thunder bay,48.4001,-89.3168,64.38,94,100,3.44,CA
465,sebastian,35.1668,-94.2669,77.59,74,13,2.73,US
466,antalaha,-14.9003,50.2788,78.13,65,62,14.67,MG
467,hotan,37.0997,79.9269,92.5,19,16,5.14,CN
468,kavieng,-2.5744,150.7967,82.51,75,100,8.79,PG
469,abou el hassan,36.4166,1.1962,96.24,36,0,6.22,DZ
470,port douglas,-16.4833,145.4667,72.18,81,97,19.75,AU
471,prince rupert,54.3161,-130.3201,55.49,96,100,6.91,CA
472,sao gabriel da cachoeira,-0.1303,-67.0892,76.8,94,0,3.44,BR
473,aykhal,66.0,111.5,65.88,60,94,12.15,RU
474,conil de la frontera,36.2772,-6.0885,74.98,60,0,11.05,ES
475,mojkovac,42.9604,19.5833,79.05,34,42,12.88,ME
476,huntingburg,38.2989,-86.955,78.71,94,20,6.91,US
477,reyes,-14.3167,-67.3833,73.56,94,75,0.0,BO
478,itacare,-14.2775,-38.9967,72.12,88,95,1.19,BR
479,bridgetown,13.1,-59.6167,84.69,84,40,16.11,BB
480,morant bay,17.8815,-76.4093,82.02,82,100,6.78,JM
481,san fernando de apure,7.8878,-67.4724,73.99,96,100,0.98,VE
482,cafayate,-26.073,-65.9761,56.12,33,3,1.05,AR
483,sao joao da barra,-21.6403,-41.0511,71.69,84,95,16.89,BR
484,dahlonega,34.5326,-83.9849,75.54,94,0,2.59,US
485,rundu,-17.9333,19.7667,87.04,11,0,7.65,NA
486,shizuishan,39.2333,106.7694,88.16,30,100,11.14,CN
487,crucecita,-28.95,-58.9833,54.09,89,95,6.15,AR
488,newman,37.3138,-121.0208,71.29,80,0,1.01,US
489,dindima,10.2263,10.1513,96.15,34,84,3.27,NG
490,selfoss,63.9331,-20.9971,62.04,66,99,7.67,IS
491,niimi,34.9833,133.4667,82.8,88,84,2.28,JP
492,saint-jean-de-maurienne,45.1667,6.5833,55.04,48,47,9.62,FR
493,hasaki,35.7333,140.8333,82.31,86,6,9.75,JP
494,namibe,-15.1961,12.1522,68.81,69,2,10.07,AO
495,walvis bay,-22.9575,14.5053,60.1,52,0,14.83,NA
496,dalandzadgad,43.5708,104.425,81.23,23,1,11.74,MN
497,mata-utu,-13.2816,-176.1745,79.54,76,100,16.37,WF
498,raduzhny,62.0961,77.475,74.97,52,60,7.05,RU
499,kirakira,-10.4544,161.9205,79.52,88,100,11.72,SB
500,steinbach,50.1667,8.5667,67.51,63,40,14.97,DE
501,ipatovo,45.7181,42.9036,91.87,24,2,11.14,RU
502,uttar char fasson,22.2332,90.7132,83.8,83,100,15.97,BD
503,ephraim,39.3597,-111.5863,68.27,58,69,3.98,US
504,lagoa,39.05,-27.9833,70.3,76,0,6.76,PT
505,enriquillo,17.9,-71.2333,76.68,69,49,9.06,DO
506,turpan,42.9333,89.1667,112.78,7,0,5.21,CN
507,al qubbah,32.7616,22.2424,98.8,15,0,19.28,LY
508,urucara,-2.5364,-57.76,81.81,52,4,3.31,BR
509,wrzesnia,52.3251,17.5652,67.87,48,100,10.29,PL
510,konstantinovka,49.6167,127.9833,75.43,70,37,6.29,RU
511,nobres,-14.7203,-56.3275,76.69,39,0,5.79,BR
512,haikou,20.0458,110.3417,84.33,79,0,4.47,CN
513,zaragoza,41.6561,-0.8773,81.05,36,0,14.97,ES
514,puerto gaitan,4.3133,-72.0816,75.85,88,75,4.16,CO
515,san juan,-31.5375,-68.5364,47.84,57,1,6.17,AR
516,campulung moldovenesc,47.5333,25.5667,68.58,87,82,3.09,RO
517,ebon,4.582,168.6964,82.08,74,96,5.1,MH
518,sabang,5.8933,95.3214,83.08,80,100,21.72,ID
519,vanimo,-2.6741,141.3028,78.73,91,99,8.1,PG
520,siwa oasis,29.2041,25.5195,103.75,12,0,12.46,EG
521,fort bragg,35.139,-79.006,81.19,88,0,1.99,US
522,patnanungan,14.7833,122.1833,82.78,81,100,22.91,PH
523,alice springs,-23.7,133.8833,60.35,55,100,0.0,AU
524,hlusk,52.903,28.6845,71.82,58,91,5.23,BY
525,cestos city,5.46,-9.5828,79.11,83,97,10.49,LR
526,goulburn,-34.75,149.7167,37.78,85,5,4.0,AU
527,mpika,-11.8343,31.4529,72.68,32,3,11.12,ZM
528,aripuana,-9.1667,-60.6333,76.33,53,10,0.34,BR
529,novodvinsk,64.4165,40.8122,72.09,44,70,6.87,RU
530,bocas del toro,9.3333,-82.25,75.0,84,94,9.46,PA
531,aldinga beach,-35.2793,138.4604,56.08,65,0,7.45,AU
532,akrehamn,59.2667,5.1833,63.21,77,20,8.05,NO
533,hillsborough,37.5741,-122.3794,61.2,90,20,6.91,US
534,xique xique,-10.8217,-42.7311,74.98,58,1,17.9,BR
535,salzburg,47.7994,13.044,62.47,86,75,2.3,AT
536,rongelap,11.1635,166.8941,83.32,79,100,16.11,MH
537,san sebastian de la gomera,28.0916,-17.1133,82.38,73,40,9.22,ES
538,midvagur,62.0511,-7.1939,52.63,76,20,3.44,FO
539,fairbanks,64.8378,-147.7164,67.82,86,20,6.91,US
540,gokwe,-18.2048,28.9349,75.69,26,100,6.69,ZW
541,kotlas,61.2611,46.6556,74.59,39,98,5.97,RU
542,askoy,60.4092,5.226,69.94,59,40,5.75,NO
543,hadibu,12.65,54.0333,80.82,64,56,26.49,YE
544,guantanamo,20.1444,-75.2092,80.17,76,88,5.28,CU
545,kalamata,37.0389,22.1142,96.57,32,0,9.22,GR
546,ordynskoye,54.3656,81.8994,82.09,34,79,8.63,RU
547,gaigeturi,33.4644,126.3183,82.45,83,75,1.14,KR
548,ayang-ni,38.2431,125.78,75.29,93,100,4.38,KP
549,quellon,-43.1167,-73.6167,43.05,93,100,2.3,CL
550,gannavaram,16.5333,80.8,79.79,89,100,11.5,IN
551,verkhniy baskunchak,48.2256,46.7217,94.75,20,6,5.57,RU
552,kuala belait,4.5833,114.1833,84.36,83,92,6.87,BN
553,correntina,-13.3433,-44.6367,75.97,42,3,6.33,BR
554,peterhead,57.5058,-1.7981,62.46,68,32,7.31,GB
555,panjab,34.388,67.0233,78.58,20,88,15.57,AF
556,priob'ye,62.5206,65.5964,62.91,91,100,5.91,RU
557,gorey,52.6747,-6.2925,62.58,99,100,13.38,IE
558,al majaridah,19.1236,41.9111,106.86,17,75,14.97,SA
559,bealanana,-14.55,48.7333,72.59,40,37,10.94,MG
560,dryden,49.7833,-92.7503,66.49,94,75,4.61,CA
561,shenjiamen,29.9576,122.298,78.89,90,100,10.56,CN
562,burutu,5.3509,5.5076,86.13,63,83,10.74,NG
563,taoudenni,22.6783,-3.9836,116.64,5,40,9.31,ML
564,price,39.5994,-110.8107,63.66,59,20,5.75,US
